sample_size,seed,k,tfidf_features,svd_components,silhouette,calinski_harabasz,davies_bouldin,inertia,embedding_time_s,clustering_time_s
50000,42,10,5000,50,0.5679645345342532,12159.759005915712,1.3884997896182605,12021.058900785862,0.779,0.409
50000,42,20,5000,50,0.6327363826286576,12149.4458404137,1.4027372648399123,6823.273208111487,0.779,0.547
50000,42,50,5000,50,0.7287590041531364,13417.249718318986,0.8010512793879633,2707.055051756903,0.779,1.361
