sample_size,seed,k,tfidf_features,svd_components,silhouette,calinski_harabasz,davies_bouldin,inertia,embedding_time_s,clustering_time_s
100000,42,10,5000,50,0.5585769303545316,24013.23277517095,1.5412354429137833,24232.809780236443,1.318,0.629
100000,42,20,5000,50,0.6312491623077889,24522.990433741215,1.3693352062242705,13534.559416596765,1.318,0.972
100000,42,50,5000,50,0.726054836692398,26010.445208049507,0.843468390220877,5571.006592099925,1.318,2.516
